./benchmarks/OCaml/popl24/arm/amb-1-SAT.ml, 172636
./benchmarks/OCaml/popl24/arm/amb-1-UNSAT.ml, 1385768
./benchmarks/OCaml/popl24/arm/amb-2-SAT.ml, 200436
./benchmarks/OCaml/popl24/arm/amb-2-UNSAT.ml, 540984
./benchmarks/OCaml/popl24/arm/amb-3-SAT.ml, 383976
./benchmarks/OCaml/popl24/arm/amb-3-simpl-SAT.ml, 173112
./benchmarks/OCaml/popl24/arm/bfs-SAT.ml, 32850804
./benchmarks/OCaml/popl24/arm/bfs-simpl-SAT.ml, 44196964
./benchmarks/OCaml/popl24/arm/bfs-UNSAT.ml, 31773148
./benchmarks/OCaml/popl24/arm/choose-all-SAT.ml, 919592
./benchmarks/OCaml/popl24/arm/choose-all-UNSAT.ml, 2123220
./benchmarks/OCaml/popl24/arm/choose-max-SAT.ml, 56111304
./benchmarks/OCaml/popl24/arm/choose-max-UNSAT.ml, 29553820
./benchmarks/OCaml/popl24/arm/choose-sum-SAT.ml, 794516
./benchmarks/OCaml/popl24/arm/choose-sum-UNSAT.ml, 288004
./benchmarks/OCaml/popl24/arm/deferred-1-SAT.ml, 112432
./benchmarks/OCaml/popl24/arm/deferred-1-UNSAT.ml, 112460
./benchmarks/OCaml/popl24/arm/deferred-2-SAT.ml, 112532
./benchmarks/OCaml/popl24/arm/distribution-SAT.ml, 106817792
./benchmarks/OCaml/popl24/arm/distribution-UNSAT.ml, 105114912
./benchmarks/OCaml/popl24/arm/expectation-SAT.ml, 152532
./benchmarks/OCaml/popl24/arm/expectation-UNSAT.ml, 152784
./benchmarks/OCaml/popl24/arm/io-read-1-SAT.ml, 161312
./benchmarks/OCaml/popl24/arm/io-read-1-UNSAT.ml, 160968
./benchmarks/OCaml/popl24/arm/io-read-2-SAT.ml, 177548
./benchmarks/OCaml/popl24/arm/io-read-3-SAT.ml, 164824
./benchmarks/OCaml/popl24/arm/io-write-1-SAT.ml, 154944
./benchmarks/OCaml/popl24/arm/io-write-1-UNSAT.ml, 154616
./benchmarks/OCaml/popl24/arm/io-write-2-SAT.ml, 159116
./benchmarks/OCaml/popl24/arm/io-write-2-UNSAT.ml, 180900
./benchmarks/OCaml/popl24/arm/modulus-SAT.ml, 119812
./benchmarks/OCaml/popl24/arm/modulus-UNSAT.ml, 157880
./benchmarks/OCaml/popl24/arm/queue-1-SAT.ml, 182240
./benchmarks/OCaml/popl24/arm/queue-1-UNSAT.ml, 181944
./benchmarks/OCaml/popl24/arm/queue-2-SAT.ml, 182888
./benchmarks/OCaml/popl24/arm/round-robin-SAT.ml, 58442992
./benchmarks/OCaml/popl24/arm/round-robin-UNSAT.ml, 59070132
./benchmarks/OCaml/popl24/arm/safe-div-1-SAT.ml, 112984
./benchmarks/OCaml/popl24/arm/safe-div-1-UNSAT.ml, 113500
./benchmarks/OCaml/popl24/arm/safe-div-2-SAT.ml, 151912
./benchmarks/OCaml/popl24/arm/safe-div-2-UNSAT.ml, 153372
./benchmarks/OCaml/popl24/arm/select-SAT.ml, 116676
./benchmarks/OCaml/popl24/arm/select-UNSAT.ml, 116692
./benchmarks/OCaml/popl24/arm/shift-SAT.ml, 149756
./benchmarks/OCaml/popl24/arm/shift-UNSAT.ml, 175132
./benchmarks/OCaml/popl24/arm/state-easy-SAT.ml, 192524
./benchmarks/OCaml/popl24/arm/state-SAT.ml, 170076
./benchmarks/OCaml/popl24/arm/state-UNSAT.ml, 157280
./benchmarks/OCaml/popl24/arm/transaction-SAT.ml, 160320
./benchmarks/OCaml/popl24/arm/transaction-UNSAT.ml, 160812
./benchmarks/OCaml/popl24/arm/yield-SAT.ml, 162492
./benchmarks/OCaml/popl24/arm/yield-UNSAT.ml, 188008
