./benchmarks/OCaml/popl24/arm/amb-1-SAT.ml, 114528
./benchmarks/OCaml/popl24/arm/amb-1-UNSAT.ml, 141160
./benchmarks/OCaml/popl24/arm/amb-2-SAT.ml, 188584
./benchmarks/OCaml/popl24/arm/amb-2-UNSAT.ml, 190428
./benchmarks/OCaml/popl24/arm/amb-3-SAT.ml, 228220
./benchmarks/OCaml/popl24/arm/amb-3-simpl-SAT.ml, 157168
./benchmarks/OCaml/popl24/arm/bfs-SAT.ml, 199912
./benchmarks/OCaml/popl24/arm/bfs-simpl-SAT.ml, 229880
./benchmarks/OCaml/popl24/arm/bfs-UNSAT.ml, 246280
./benchmarks/OCaml/popl24/arm/choose-all-SAT.ml, 601868
./benchmarks/OCaml/popl24/arm/choose-all-UNSAT.ml, 570784
./benchmarks/OCaml/popl24/arm/choose-max-SAT.ml, 547832
./benchmarks/OCaml/popl24/arm/choose-max-UNSAT.ml, 606316
./benchmarks/OCaml/popl24/arm/choose-sum-SAT.ml, 196028
./benchmarks/OCaml/popl24/arm/choose-sum-UNSAT.ml, 277160
./benchmarks/OCaml/popl24/arm/deferred-1-SAT.ml, 107400
./benchmarks/OCaml/popl24/arm/deferred-1-UNSAT.ml, 106128
./benchmarks/OCaml/popl24/arm/deferred-2-SAT.ml, 107868
./benchmarks/OCaml/popl24/arm/distribution-SAT.ml, 112200
./benchmarks/OCaml/popl24/arm/distribution-UNSAT.ml, 112564
./benchmarks/OCaml/popl24/arm/expectation-SAT.ml, 118280
./benchmarks/OCaml/popl24/arm/expectation-UNSAT.ml, 126956
./benchmarks/OCaml/popl24/arm/io-read-1-SAT.ml, 121028
./benchmarks/OCaml/popl24/arm/io-read-1-UNSAT.ml, 129896
./benchmarks/OCaml/popl24/arm/io-read-2-SAT.ml, 130356
./benchmarks/OCaml/popl24/arm/io-read-3-SAT.ml, 125060
./benchmarks/OCaml/popl24/arm/io-write-1-SAT.ml, 111140
./benchmarks/OCaml/popl24/arm/io-write-1-UNSAT.ml, 117176
./benchmarks/OCaml/popl24/arm/io-write-2-SAT.ml, 115508
./benchmarks/OCaml/popl24/arm/io-write-2-UNSAT.ml, 130384
./benchmarks/OCaml/popl24/arm/modulus-SAT.ml, 5076416
./benchmarks/OCaml/popl24/arm/modulus-UNSAT.ml, 13930416
./benchmarks/OCaml/popl24/arm/queue-1-SAT.ml, 139228
./benchmarks/OCaml/popl24/arm/queue-1-UNSAT.ml, 140196
./benchmarks/OCaml/popl24/arm/queue-2-SAT.ml, 144164
./benchmarks/OCaml/popl24/arm/round-robin-SAT.ml, 158116
./benchmarks/OCaml/popl24/arm/round-robin-UNSAT.ml, 165156
./benchmarks/OCaml/popl24/arm/safe-div-1-SAT.ml, 81508
./benchmarks/OCaml/popl24/arm/safe-div-1-UNSAT.ml, 81548
./benchmarks/OCaml/popl24/arm/safe-div-2-SAT.ml, 82280
./benchmarks/OCaml/popl24/arm/safe-div-2-UNSAT.ml, 82628
./benchmarks/OCaml/popl24/arm/select-SAT.ml, 5989148
./benchmarks/OCaml/popl24/arm/select-UNSAT.ml, 4599992
./benchmarks/OCaml/popl24/arm/shift-SAT.ml, 105328
./benchmarks/OCaml/popl24/arm/shift-UNSAT.ml, 143572
./benchmarks/OCaml/popl24/arm/state-easy-SAT.ml, 181396
./benchmarks/OCaml/popl24/arm/state-SAT.ml, 10086300
./benchmarks/OCaml/popl24/arm/state-UNSAT.ml, 159912
./benchmarks/OCaml/popl24/arm/transaction-SAT.ml, 375520
./benchmarks/OCaml/popl24/arm/transaction-UNSAT.ml, 376056
./benchmarks/OCaml/popl24/arm/yield-SAT.ml, 153912
./benchmarks/OCaml/popl24/arm/yield-UNSAT.ml, 164240
